timestamp,open,high,low,close,volume
2023-01-01,25043.78,25320.34,24617.24,25000.0,8009.51
2023-01-02,25318.21,25508.62,25213.0,25286.11,1663.16
2023-01-03,25145.79,25270.8,25068.73,25222.68,2702.55
2023-01-04,25495.63,25680.61,24983.15,25595.95,8114.54
2023-01-05,26344.87,26613.06,26262.23,26468.09,7251.69
2023-01-06,26447.43,26465.33,26194.58,26347.18,5682.69
2023-01-07,26362.41,26474.15,25798.54,26227.27,2707.01
2023-01-08,27242.46,27594.3,27032.0,27154.64,3786.26
2023-01-09,27632.82,27854.32,27528.92,27630.3,5083.36
2023-01-10,27293.46,27430.0,27044.1,27362.86,4191.92
2023-01-11,27718.53,27777.88,27674.77,27707.7,1512.83
2023-01-12,27300.32,27533.58,27168.16,27444.12,5846.47
2023-01-13,27266.98,27432.3,27024.8,27182.1,3678.46
2023-01-14,27296.63,27878.68,27259.5,27346.23,1886.22
2023-01-15,26078.79,26233.91,25976.43,26215.16,7097.28
2023-01-16,25130.83,25559.0,25010.79,25239.94,1787.16
2023-01-17,24846.47,25064.4,24738.01,24946.98,4565.55
2023-01-18,24369.2,24612.66,24316.43,24410.55,6714.27
2023-01-19,24580.77,24785.21,24447.65,24598.73,2776.46
2023-01-20,24198.98,24629.48,23822.28,24127.29,7419.07
2023-01-21,23365.0,23400.61,23197.96,23397.6,5239.54
2023-01-22,24060.64,24190.25,24028.69,24171.76,3122.56
2023-01-23,23968.25,24182.02,23870.15,24072.45,4656.83
2023-01-24,24243.3,24484.08,24035.17,24129.25,2945.23
2023-01-25,23323.79,23469.97,23041.23,23394.39,7246.59
2023-01-26,23091.54,23209.79,22853.34,23135.38,1649.01
2023-01-27,23137.7,23295.69,22958.71,23213.12,5446.59
2023-01-28,22699.73,22876.12,22351.3,22647.02,3150.3
2023-01-29,22768.39,22907.09,22737.2,22855.72,3613.56
2023-01-30,22565.46,22726.66,22532.86,22575.75,5104.46
2023-01-31,22323.15,22927.84,22003.03,22452.99,7761.95
2023-02-01,22233.24,22337.97,22133.69,22178.09,5150.84
2023-02-02,23083.18,23314.88,23049.19,23104.21,7495.97
2023-02-03,23107.34,23139.49,22637.76,23120.98,3509.0
2023-02-04,22486.15,22701.69,22292.45,22606.93,557.6
2023-02-05,22993.75,23147.2,22836.67,23039.78,7517.18
2023-02-06,22404.11,22862.22,22176.04,22445.5,3949.04
2023-02-07,22498.24,22720.64,22295.01,22572.84,1871.1
2023-02-08,21623.88,21650.09,21484.72,21624.31,3218.46
2023-02-09,21036.67,21063.1,20845.32,21016.34,7767.66
2023-02-10,21041.78,21218.21,20906.69,21130.87,8245.59
2023-02-11,21498.64,21526.94,21381.54,21498.07,6125.99
2023-02-12,21528.51,21629.52,21508.67,21603.72,1983.91
2023-02-13,21453.77,21600.5,21010.22,21573.75,1036.99
2023-02-14,21527.0,21717.04,21217.72,21456.06,3906.38
2023-02-15,20758.76,21225.67,20562.97,20783.51,1882.22
2023-02-16,20568.08,20601.46,20454.62,20479.18,2618.48
2023-02-17,20331.4,20417.09,20237.57,20296.33,1694.25
2023-02-18,20846.95,20858.53,20778.22,20793.06,2209.67
2023-02-19,20908.11,20980.83,20891.54,20975.8,1886.56
2023-02-20,20225.23,20246.29,20131.59,20188.23,2357.87
2023-02-21,20411.73,20449.06,20319.21,20357.43,3553.11
2023-02-22,20251.43,20292.29,20104.4,20210.66,7339.06
2023-02-23,19818.9,20084.89,19552.6,19935.4,7531.42
2023-02-24,20306.31,20591.9,20028.34,20229.25,3449.71
2023-02-25,20736.71,20871.98,20588.92,20714.26,3601.54
2023-02-26,21178.88,21418.14,20868.76,21165.66,7651.44
2023-02-27,20868.49,20959.18,20640.95,20802.68,6663.38
2023-02-28,20670.13,20693.82,20313.41,20688.69,2451.63
2023-03-01,20776.73,20979.26,20561.64,20867.03,2630.32
2023-03-02,21219.53,21360.09,20941.28,21342.87,4871.62
2023-03-03,21185.13,21278.49,21067.33,21146.7,590.94
2023-03-04,20997.17,21177.97,20723.77,21089.07,5679.07
2023-03-05,20524.34,20863.48,20498.28,20604.61,3478.67
2023-03-06,20095.27,20224.91,20034.78,20090.71,5032.76
2023-03-07,20415.06,20510.17,20165.4,20477.64,3244.98
2023-03-08,21172.63,21307.52,21020.16,21117.12,4155.97
2023-03-09,21154.67,21450.86,21097.11,21113.21,2145.24
2023-03-10,21487.45,21639.97,21382.42,21609.02,925.56
2023-03-11,21810.52,22076.55,21515.7,21811.47,6284.03
2023-03-12,21431.21,21702.91,21400.23,21532.87,4375.42
2023-03-13,21783.91,21842.13,21463.88,21734.77,6763.42
2023-03-14,22582.18,22654.25,22305.52,22501.33,5068.34
2023-03-15,22478.39,22683.38,22240.74,22515.95,4625.17
2023-03-16,23427.88,23470.1,23171.12,23323.5,5635.67
2023-03-17,22063.85,22172.8,21933.16,22013.06,4247.67
2023-03-18,22368.03,22556.75,22221.07,22443.11,774.79
2023-03-19,22572.18,22596.29,22438.37,22518.83,7930.44
2023-03-20,22523.1,22561.32,22201.3,22403.66,7125.59
2023-03-21,22432.97,22496.23,22180.24,22481.77,1428.64
2023-03-22,21422.51,21618.12,21242.93,21531.81,6176.82
2023-03-23,21347.6,21678.92,21276.77,21459.53,6698.74
2023-03-24,21612.76,21994.24,21462.39,21659.87,5208.04
2023-03-25,22324.45,22446.93,22196.63,22396.22,6657.27
2023-03-26,22306.62,22314.97,21957.15,22174.13,3682.48
2023-03-27,21807.45,21931.98,21646.94,21812.72,7895.85
2023-03-28,21674.0,21728.25,21313.77,21604.45,6187.21
2023-03-29,22002.6,22382.31,21949.56,22071.79,2720.86
2023-03-30,22209.99,22407.76,21865.57,22264.41,5706.81
2023-03-31,21963.73,22251.11,21934.51,22038.24,7285.25
2023-04-01,22439.21,22586.63,21907.67,22320.09,1827.59
2023-04-02,22533.24,22652.22,22192.05,22401.21,4550.05
2023-04-03,22838.12,23209.31,22743.26,22912.17,1947.37
2023-04-04,22668.45,22776.7,22503.01,22592.65,7976.77
2023-04-05,22567.13,22597.34,22396.57,22463.68,6414.73
2023-04-06,22356.06,22565.45,22242.28,22303.59,2224.39
2023-04-07,21547.27,21684.05,21139.56,21618.92,4979.25
2023-04-08,21685.34,21955.67,21622.13,21792.17,1529.06
2023-04-09,22052.37,22154.88,21854.53,21949.97,4804.27
2023-04-10,21876.33,22175.88,21568.79,21985.29,2545.22
2023-04-11,21963.43,22183.77,21757.35,21904.71,2197.52
2023-04-12,21302.1,21303.5,20663.47,21255.35,5030.02
2023-04-13,21172.53,21319.36,20866.99,21090.36,4890.83
2023-04-14,20904.15,21152.56,20863.9,20962.75,5560.02
2023-04-15,20710.69,20761.11,20557.0,20623.93,7005.71
2023-04-16,20630.12,20747.85,20415.3,20581.35,6261.87
2023-04-17,20709.59,21049.59,20647.99,20794.78,6275.46
2023-04-18,21600.12,21833.04,21527.55,21688.41,4446.24
2023-04-19,21674.52,21873.52,21531.88,21803.67,8231.31
2023-04-20,21994.0,22255.65,21826.93,21959.26,4607.47
2023-04-21,22029.22,22266.38,21908.66,21955.49,4681.99
2023-04-22,21177.77,21245.4,20857.07,21060.76,7823.13
2023-04-23,20978.61,21322.24,20949.01,21079.15,1047.27
2023-04-24,21087.2,21206.76,21025.82,21137.68,4959.26
2023-04-25,22272.47,22344.91,22186.76,22313.73,7140.63
2023-04-26,22377.88,22400.63,22186.1,22251.45,715.51
2023-04-27,22302.37,22525.35,22278.85,22431.0,6566.07
2023-04-28,22495.29,22860.76,22140.48,22445.92,8118.83
2023-04-29,21881.35,21971.97,21665.87,21900.75,6506.86
2023-04-30,22534.65,22566.62,22280.62,22482.4,2596.85
2023-05-01,23009.82,23249.76,22845.27,22886.0,7905.08
2023-05-02,23293.91,23530.31,23064.98,23316.37,2576.32
2023-05-03,23015.31,23319.21,22718.04,22882.41,2328.02
2023-05-04,23539.02,23659.38,23525.0,23620.34,3353.84
2023-05-05,23024.69,23066.76,22831.75,22924.46,1957.6
2023-05-06,23354.73,23360.11,23120.23,23251.87,7077.78
2023-05-07,24480.52,24621.58,24219.71,24404.08,762.59
2023-05-08,24026.06,24087.88,23666.43,23905.33,4277.52
2023-05-09,23531.12,23732.61,23460.2,23639.68,3864.23
2023-05-10,23637.86,23866.85,23497.26,23723.11,5004.65
2023-05-11,23426.72,23494.52,23307.45,23491.84,4000.95
2023-05-12,22588.23,22902.39,22556.78,22721.39,4291.75
2023-05-13,22812.74,22938.18,22598.82,22785.39,7017.66
2023-05-14,22357.3,22552.25,22278.16,22282.47,1321.55
2023-05-15,22473.56,22646.32,22040.36,22543.34,5911.34
2023-05-16,22131.99,22135.99,21961.12,22116.16,3147.62
2023-05-17,22770.06,22905.22,22737.27,22898.32,1562.38
2023-05-18,22550.79,22682.72,22354.27,22532.53,2014.1
2023-05-19,22311.56,22512.65,22262.19,22400.94,5983.67
2023-05-20,22701.19,22975.36,22370.26,22829.52,7348.49
2023-05-21,22296.37,22360.05,22136.14,22239.24,6747.06
2023-05-22,22264.72,22572.42,22244.21,22377.47,6896.97
2023-05-23,23034.64,23223.02,22960.64,23047.83,6014.33
2023-05-24,22148.37,22648.78,21964.66,22260.12,6680.7
2023-05-25,22419.32,22514.07,21845.93,22376.71,5983.81
2023-05-26,22457.25,22548.09,22253.97,22530.67,5747.74
2023-05-27,22826.33,23047.7,22626.07,22944.12,6198.28
2023-05-28,22410.93,22430.73,22012.57,22345.85,3359.28
2023-05-29,21848.95,22005.62,21450.43,21721.84,6217.48
2023-05-30,21991.89,22347.64,21704.55,21995.41,4948.95
2023-05-31,22272.96,22374.51,22068.8,22163.28,5444.01
2023-06-01,22371.88,22595.65,22237.79,22309.47,7481.51
2023-06-02,22416.91,22626.84,22358.62,22503.41,4320.99
2023-06-03,22123.24,22242.3,22095.42,22190.55,4466.96
2023-06-04,22289.38,22516.86,22082.98,22327.1,3479.51
2023-06-05,22620.75,22678.2,22348.77,22494.04,3071.36
2023-06-06,22236.11,22456.99,21887.5,22163.38,1078.82
2023-06-07,23003.78,23145.63,22616.68,23095.31,6929.56
2023-06-08,23339.47,23406.34,23218.21,23358.85,5839.32
2023-06-09,22678.37,23022.91,22524.07,22769.35,4189.5
2023-06-10,23215.52,23441.63,23052.95,23120.03,7243.71
2023-06-11,22566.12,22881.34,22506.89,22646.05,954.36
2023-06-12,23067.82,23169.45,23035.04,23059.19,7526.52
2023-06-13,23615.77,23863.95,23504.29,23667.99,1641.03
2023-06-14,23397.73,23399.46,23235.96,23261.89,7336.84
2023-06-15,23762.5,23861.49,23362.9,23775.42,5525.39
2023-06-16,23908.09,24576.25,23727.81,24011.92,5742.76
2023-06-17,24604.58,24730.68,24412.48,24466.61,4000.82
2023-06-18,25620.7,25753.49,25396.35,25508.02,7025.69
2023-06-19,25526.68,25712.98,25384.93,25391.21,5352.98
2023-06-20,25101.2,25501.73,24900.82,24990.57,7747.09
2023-06-21,24576.97,24590.21,24309.99,24521.2,5540.65
2023-06-22,24069.32,24228.88,23920.55,24100.01,5489.21
2023-06-23,24221.63,24278.77,23883.73,24077.34,6673.19
2023-06-24,24295.37,24344.38,24166.24,24275.85,3553.77
2023-06-25,24390.44,24510.69,24185.74,24441.17,6320.37
2023-06-26,24992.22,25105.77,24646.27,24903.23,1441.64
2023-06-27,24940.85,24992.98,24672.68,24927.54,5740.42
2023-06-28,25707.05,26079.97,25387.29,25741.47,3334.69
2023-06-29,25524.71,25670.71,25489.94,25608.52,5655.9
2023-06-30,27196.39,27348.5,26668.81,27157.45,7055.01
2023-07-01,27554.53,27705.05,27448.11,27548.22,3064.96
2023-07-02,27006.6,27049.8,26693.87,27045.48,4553.8
2023-07-03,26458.52,26844.11,26280.56,26424.3,5946.89
2023-07-04,26866.03,26989.04,26665.95,26719.97,7778.67
2023-07-05,26463.14,26686.97,26422.94,26603.52,1313.87
2023-07-06,27031.24,27155.44,26842.94,27035.82,2808.48
2023-07-07,27430.87,27646.09,26913.4,27331.49,5225.21
2023-07-08,27372.4,27459.08,27169.81,27301.59,1443.49
2023-07-09,26703.83,27146.69,26495.98,26806.39,4574.59
2023-07-10,25990.79,26105.08,25892.48,25925.76,2472.87
2023-07-11,25825.63,26018.2,25395.84,25682.96,4832.31
2023-07-12,26034.76,26193.93,25935.92,26178.19,5231.78
2023-07-13,26413.4,26442.71,26252.85,26312.62,2154.39
2023-07-14,25636.33,25718.5,25366.81,25602.23,7327.42
2023-07-15,25664.59,25771.7,25510.91,25709.81,2597.08
2023-07-16,26037.81,26183.23,25559.84,25937.4,1254.19
2023-07-17,25480.17,25648.74,24989.95,25442.35,1781.04
2023-07-18,25609.69,25862.58,25464.76,25537.11,1245.55
2023-07-19,25431.92,25670.93,25181.34,25578.13,4810.6
2023-07-20,24862.64,25266.81,24571.41,24942.87,4334.49
2023-07-21,25293.71,25632.75,25063.12,25146.52,3697.8
2023-07-22,25441.78,25621.04,25242.88,25463.72,7989.11
2023-07-23,25960.8,26307.4,25897.65,26077.08,5010.49
2023-07-24,26615.69,26802.06,26380.67,26688.02,3231.04
2023-07-25,25751.49,26032.53,25594.3,25885.23,6771.46
2023-07-26,25275.64,25363.45,25066.48,25356.66,5519.15
2023-07-27,25659.1,25681.37,25408.35,25648.95,5538.62
2023-07-28,26097.34,26353.34,25799.26,25943.5,6263.55
2023-07-29,26230.79,26650.39,26210.55,26241.75,7707.85
2023-07-30,28358.99,28625.0,28133.35,28469.92,4659.56
2023-07-31,28691.75,28976.47,28326.53,28831.29,3227.08
2023-08-01,29613.47,29686.0,29428.74,29554.98,1669.13
2023-08-02,30356.67,30696.39,30160.69,30178.32,7137.46
2023-08-03,30621.14,30812.18,30429.96,30613.44,6176.93
2023-08-04,30267.5,30458.13,30144.98,30403.32,6023.43
2023-08-05,30740.66,31056.75,30475.9,30912.72,3343.56
2023-08-06,30238.09,30604.76,30216.89,30388.46,2901.93
2023-08-07,30193.61,30402.23,29672.25,30230.98,4410.79
2023-08-08,30059.09,30329.82,29848.44,29908.57,7162.92
2023-08-09,29857.6,29962.78,29752.47,29962.41,7283.06
2023-08-10,31626.77,31920.56,31344.51,31487.7,2883.5
2023-08-11,30041.41,30338.08,29754.47,30193.25,5941.94
2023-08-12,30591.17,30734.33,30578.78,30647.77,6767.13
2023-08-13,29428.28,29598.94,28845.42,29558.63,6456.07
2023-08-14,29135.49,29319.85,28544.48,29249.62,1647.68
2023-08-15,29900.25,29963.18,29778.6,29947.86,3791.34
2023-08-16,29919.54,30000.21,29226.65,29987.26,1315.83
2023-08-17,29322.36,29391.04,29146.41,29272.89,5449.19
2023-08-18,28688.28,29104.15,28529.57,28808.58,8227.46
2023-08-19,29080.19,29249.98,28948.36,29235.33,1470.26
2023-08-20,28693.27,28855.72,28623.68,28761.17,985.45
2023-08-21,28896.7,29041.85,28538.79,28893.44,5183.9
2023-08-22,28926.72,29137.8,28675.82,28917.33,7168.09
2023-08-23,28480.2,28545.01,28364.59,28497.37,3623.36
2023-08-24,29953.07,30232.58,29626.08,29835.8,601.06
2023-08-25,30215.16,30430.01,30120.41,30245.59,2468.31
2023-08-26,28981.54,28985.05,28866.14,28891.3,2166.84
2023-08-27,28833.24,29262.59,28602.58,29003.04,4825.6
2023-08-28,28558.0,28580.71,28285.28,28573.64,2947.92
2023-08-29,29185.05,29194.39,28566.05,29102.16,3537.38
2023-08-30,28573.05,28688.72,28507.9,28586.96,7694.85
2023-08-31,28605.0,28652.23,28246.34,28506.85,3886.19
2023-09-01,28730.5,29073.71,28710.14,28815.33,5403.34
2023-09-02,29411.69,29628.07,29290.62,29355.56,5182.59
2023-09-03,28422.75,28754.06,28150.45,28571.32,6281.64
2023-09-04,28356.13,28370.35,28300.04,28351.97,1137.27
2023-09-05,28119.24,28139.44,27866.38,28046.44,2780.59
2023-09-06,27584.03,27921.0,27433.64,27633.87,1916.22
2023-09-07,28585.38,28963.42,28520.51,28697.61,6427.79
2023-09-08,28861.51,29107.01,28720.93,28943.11,3440.44
2023-09-09,28030.38,28424.79,27967.1,28129.73,6488.03
2023-09-10,28736.84,28949.27,28553.42,28687.3,7870.92
2023-09-11,30123.34,30132.6,29666.21,30015.74,6285.78
2023-09-12,30800.7,31242.4,30476.32,30685.9,3127.9
2023-09-13,29800.37,29885.57,29507.0,29648.07,3894.3
2023-09-14,29298.98,29620.84,29163.06,29320.3,2318.6
2023-09-15,29988.68,30161.11,29937.96,30125.51,5537.74
2023-09-16,29567.8,29682.98,29495.67,29643.96,6989.62
2023-09-17,30071.29,30134.93,29720.39,29920.87,4113.07
2023-09-18,30542.78,30740.77,30201.71,30417.94,5599.2
2023-09-19,29669.12,29959.41,29591.38,29784.41,7763.6
2023-09-20,29569.29,29739.49,29546.84,29732.28,6205.56
2023-09-21,27704.11,27723.07,27592.13,27598.86,7012.88
2023-09-22,27039.74,27361.58,26468.18,26964.42,4409.09
2023-09-23,26737.16,27032.87,26348.77,26802.28,7186.94
2023-09-24,26096.77,26226.74,25924.43,26054.16,4013.52
2023-09-25,26818.86,27080.89,26640.06,26977.71,8312.51
2023-09-26,25990.61,26309.84,25721.51,26116.22,2108.39
2023-09-27,25868.11,25955.55,25702.15,25851.02,1920.29
2023-09-28,25868.06,26212.89,25810.43,25913.03,546.71
2023-09-29,26805.91,27116.91,26412.27,26722.22,1657.17
2023-09-30,25804.82,26094.07,25635.73,25865.16,6025.93
2023-10-01,26637.32,27081.52,26154.09,26514.44,3727.94
2023-10-02,26569.66,26878.67,26260.06,26507.44,1219.92
2023-10-03,25949.46,26068.28,25462.84,25922.02,994.75
2023-10-04,26197.88,26259.86,25783.03,26172.76,5064.75
2023-10-05,26330.05,26726.6,26143.08,26274.41,6801.17
2023-10-06,25913.86,26086.03,25682.52,25914.4,5808.58
2023-10-07,26031.14,26165.88,25365.69,25941.29,1650.39
2023-10-08,25655.45,25873.17,25482.01,25708.45,2190.13
2023-10-09,25790.17,25818.04,25720.68,25759.81,3693.87
2023-10-10,26164.86,26285.39,26049.11,26122.17,3621.01
2023-10-11,27130.75,27187.32,26761.47,27020.57,5068.38
2023-10-12,26171.78,26678.42,25875.26,26271.25,717.57
2023-10-13,27333.99,27749.25,27217.92,27490.95,4585.91
2023-10-14,26233.11,26458.91,26015.8,26296.62,6946.17
2023-10-15,26097.06,26236.58,26056.8,26195.73,4246.49
2023-10-16,26405.13,26816.81,26361.49,26521.78,4372.06
2023-10-17,26652.41,26753.37,26460.33,26672.62,1702.07
2023-10-18,26328.86,26492.54,26210.93,26294.08,5484.59
2023-10-19,26304.13,26424.15,25956.45,26160.79,2455.46
2023-10-20,25990.37,26175.03,25690.41,25864.28,6437.11
2023-10-21,25500.98,25704.74,25393.59,25516.37,974.58
2023-10-22,26107.7,26110.62,25959.86,25980.99,3723.03
2023-10-23,26124.66,26409.42,26072.92,26172.6,4770.16
2023-10-24,25896.21,25914.21,25738.6,25761.18,2553.97
2023-10-25,26331.6,26458.48,26025.6,26258.86,4845.01
2023-10-26,26412.67,26543.98,26395.76,26424.1,3132.11
2023-10-27,26759.9,26959.22,26668.12,26884.4,2470.5
2023-10-28,27359.09,27477.18,27022.69,27244.46,1406.57
2023-10-29,26850.75,27420.35,26672.0,26735.21,6009.59
2023-10-30,26407.51,26439.67,26376.27,26393.72,4152.51
2023-10-31,26708.39,26993.78,26612.2,26815.94,3703.37
2023-11-01,27213.5,27650.3,27009.82,27164.28,4406.73
2023-11-02,27239.85,27255.86,26999.53,27140.06,6585.26
2023-11-03,27101.09,27211.37,26946.81,27198.55,3061.95
2023-11-04,28037.78,28151.92,27628.29,27951.66,7258.33
2023-11-05,27701.96,27722.91,27496.82,27576.35,4025.84
2023-11-06,28059.43,28173.56,27883.45,27897.07,7659.92
2023-11-07,27774.75,27938.18,27545.66,27761.86,5446.01
2023-11-08,27724.8,27725.99,27328.73,27618.05,7972.71
2023-11-09,28174.56,28403.59,27760.44,28275.07,6629.73
2023-11-10,28804.7,28850.9,28504.37,28777.91,3495.62
2023-11-11,29428.24,29553.97,28996.79,29282.38,5947.15
2023-11-12,30218.85,30247.2,29912.01,30112.87,7501.48
2023-11-13,30035.61,30219.3,29903.94,30116.24,7359.23
2023-11-14,30614.37,30740.44,30509.01,30557.79,5190.5
2023-11-15,30187.41,30621.38,30140.92,30339.06,4460.56
2023-11-16,30716.85,30775.8,30480.86,30545.63,5756.46
2023-11-17,30497.81,30508.77,30158.97,30448.6,602.24
2023-11-18,30526.21,30588.5,30066.8,30504.33,7218.11
2023-11-19,30738.86,30950.14,30539.8,30894.79,7216.4
2023-11-20,30446.03,30590.75,29891.24,30329.9,2945.16
2023-11-21,31706.82,31806.8,31664.85,31717.79,3192.3
2023-11-22,31005.34,31331.45,30881.71,31007.49,1804.21
2023-11-23,30248.18,30487.79,30034.98,30171.42,3172.85
2023-11-24,30914.47,31034.54,30725.51,30932.9,5181.54
2023-11-25,31408.83,31780.99,31382.9,31464.57,7954.44
2023-11-26,31941.1,32253.65,31794.75,31889.76,2976.12
2023-11-27,32396.31,32600.62,32220.07,32324.04,6899.05
2023-11-28,32223.49,32444.58,31867.87,32309.07,4436.98
2023-11-29,31591.46,31921.94,31330.87,31665.44,7678.16
2023-11-30,31854.15,32188.21,31529.31,31712.89,5682.93
2023-12-01,31145.62,31402.26,31077.48,31235.47,4811.54
2023-12-02,31752.14,32067.04,31317.04,31901.05,7245.05
2023-12-03,31811.46,32390.61,31729.32,31793.66,1336.36
2023-12-04,31183.49,31228.34,31128.09,31212.5,6989.15
2023-12-05,30911.26,31093.07,30862.68,30988.53,6667.19
2023-12-06,31086.35,31346.49,30864.07,31267.2,2732.24
2023-12-07,31015.1,31145.21,30793.12,30876.98,4718.24
2023-12-08,30169.68,30473.08,29712.46,30316.46,5180.87
2023-12-09,30403.3,30549.69,30147.26,30477.45,877.83
2023-12-10,30788.73,31000.5,30535.6,30640.59,5140.59
2023-12-11,30440.8,30658.74,30120.18,30298.17,788.65
2023-12-12,30013.74,30169.49,29807.93,29983.94,6788.84
2023-12-13,30172.99,30181.69,30073.27,30137.2,6783.5
2023-12-14,29310.41,29460.25,29025.23,29177.72,3863.85
2023-12-15,28213.17,28883.21,27879.74,28275.28,5102.54
2023-12-16,27960.88,28039.25,27361.09,27829.79,5432.07
2023-12-17,27731.4,27978.06,27476.12,27700.92,4380.96
2023-12-18,27760.15,28067.31,27702.89,27892.62,5596.54
2023-12-19,28956.32,29509.93,28459.83,28800.61,4482.84
2023-12-20,29394.45,29537.94,29322.45,29347.23,3255.27
2023-12-21,29238.01,29290.8,29186.49,29247.66,1975.94
2023-12-22,29278.44,29762.15,29030.37,29239.57,4420.81
2023-12-23,28429.56,28752.43,28181.44,28599.27,5017.77
2023-12-24,28596.92,28729.02,28506.25,28592.57,3481.84
2023-12-25,28275.59,28457.42,28074.12,28416.39,3211.63
2023-12-26,28626.5,28688.02,28619.7,28623.95,5771.04
2023-12-27,28275.57,28517.57,28019.59,28109.34,3622.98
2023-12-28,28410.48,28585.69,28221.35,28437.16,5899.19
2023-12-29,29441.33,29484.01,29186.55,29403.25,7742.33
2023-12-30,29453.9,29581.21,29306.8,29340.81,5823.62
2023-12-31,29471.5,29754.1,29274.36,29608.48,3388.84
2024-01-01,29930.22,30598.33,29564.27,30066.95,1070.12
2024-01-02,29660.93,29928.2,29538.84,29811.11,5736.54
2024-01-03,30032.3,30072.65,29686.07,29968.05,585.86
2024-01-04,30035.83,30451.81,29937.27,29986.86,7144.89
2024-01-05,30143.11,30325.63,30048.28,30062.31,1599.7
2024-01-06,29389.38,29738.74,28988.01,29562.6,4339.31
2024-01-07,29617.79,29770.61,29126.54,29590.37,6013.04
2024-01-08,29981.59,30157.0,29814.14,29926.9,3778.94
2024-01-09,30959.42,31168.42,30662.01,30895.3,6523.95
2024-01-10,31540.93,31837.59,31407.59,31561.22,6967.37
2024-01-11,33236.35,33365.64,32589.68,33071.01,5061.14
2024-01-12,32478.42,32709.09,32065.78,32528.7,5733.07
2024-01-13,33119.3,33376.09,33052.1,33169.23,1588.36
2024-01-14,33476.14,33799.87,33063.09,33320.16,716.73
2024-01-15,35004.31,35124.55,34548.26,34943.16,1052.37
2024-01-16,34303.76,34674.34,33998.73,34341.0,5087.1
2024-01-17,33671.26,34045.35,33160.94,33726.06,1574.35
2024-01-18,33295.24,33424.1,33293.78,33301.0,7740.82
2024-01-19,31720.83,31885.85,31441.77,31764.97,682.65
2024-01-20,31513.73,31604.67,30963.78,31417.14,7428.96
2024-01-21,30769.94,31000.12,30746.83,30912.33,7426.99
2024-01-22,31073.03,31129.88,30652.43,31034.69,3083.07
2024-01-23,31304.25,31676.28,31242.82,31288.7,4580.92
2024-01-24,32703.98,33011.81,32544.36,32601.52,2837.08
2024-01-25,33209.79,33633.1,32873.68,33305.98,7927.14
2024-01-26,32929.87,33157.59,32653.98,32907.08,1552.53
2024-01-27,32259.06,32751.96,32206.04,32280.73,3532.21
2024-01-28,32847.73,33457.49,32577.97,32654.21,4996.49
2024-01-29,31776.65,32004.97,31617.0,31730.7,805.17
2024-01-30,33024.25,33371.11,32621.36,33033.94,7748.36
2024-01-31,34084.03,34149.4,33845.23,33917.38,7300.9
2024-02-01,33445.92,34070.28,33348.69,33594.81,6685.51
2024-02-02,32269.39,32428.96,32237.13,32356.45,8026.55
2024-02-03,33340.83,33660.3,33272.73,33347.47,3320.25
2024-02-04,33206.5,33570.64,33036.1,33292.08,3468.95
2024-02-05,34232.42,34431.01,33484.1,34227.79,6999.4
2024-02-06,33248.32,33319.65,32741.86,33057.61,6521.66
2024-02-07,32680.43,32768.43,32347.1,32651.62,7248.99
2024-02-08,32513.81,32738.89,32478.44,32685.43,4510.05
2024-02-09,32799.52,33062.46,32237.03,32749.77,5992.25
2024-02-10,32531.6,32594.29,32350.17,32456.62,3249.33
2024-02-11,33052.99,33249.81,32697.05,32932.68,7905.34
2024-02-12,32001.7,32367.57,31863.76,32191.42,636.0
2024-02-13,32214.28,32434.42,31990.24,32122.59,1607.26
2024-02-14,32338.05,32522.63,32060.2,32240.0,6397.83
2024-02-15,32773.34,33082.08,32437.58,32637.86,4295.26
2024-02-16,33014.49,33238.89,32579.06,33182.66,1035.42
2024-02-17,32337.76,32819.64,32310.08,32396.53,7718.07
2024-02-18,31176.79,31371.41,31169.22,31337.62,2859.52
2024-02-19,32088.52,32409.32,31713.1,32252.28,6038.88
2024-02-20,32347.76,32524.1,32305.77,32523.3,2831.89
2024-02-21,31920.85,32205.48,31697.22,32023.69,7661.1
2024-02-22,33114.58,33319.39,33040.74,33152.33,4110.39
2024-02-23,33164.82,33442.81,33143.81,33274.21,5158.39
2024-02-24,34117.26,34181.9,33883.59,34175.57,7262.74
2024-02-25,34267.14,34358.99,33666.23,34265.88,5187.41
2024-02-26,35675.17,36229.62,35358.07,35859.44,6095.33
2024-02-27,37430.93,37664.25,37216.05,37286.62,4537.55
2024-02-28,36967.8,37533.73,36748.37,37126.91,4370.07
2024-02-29,37866.96,38235.53,37765.14,37965.24,926.28
2024-03-01,38665.53,38957.74,38357.39,38550.51,2632.65
2024-03-02,39857.39,39862.28,39485.59,39758.64,1289.31
2024-03-03,38898.59,39314.8,38671.45,38963.94,2888.35
2024-03-04,39738.09,39892.75,39550.22,39600.79,7527.74
2024-03-05,40513.16,40879.61,40491.88,40572.89,3447.5
2024-03-06,39116.88,39736.03,38891.51,39054.68,5567.94
2024-03-07,38301.16,38549.92,37766.56,38088.14,1347.96
2024-03-08,36551.86,36860.34,36300.99,36428.67,3286.97
2024-03-09,36459.01,36499.56,35438.58,36260.25,4105.21
2024-03-10,36751.44,36885.26,36337.03,36880.28,917.61
2024-03-11,38270.52,38702.81,37771.09,38148.03,7054.27
2024-03-12,38128.81,38359.02,38015.38,38261.05,7297.51
2024-03-13,39547.89,40351.14,39239.65,39683.25,2788.84
2024-03-14,38363.94,39025.87,37971.04,38531.97,2967.23
2024-03-15,37204.92,37445.61,36680.43,37140.38,2021.84
2024-03-16,37319.72,37545.98,36884.72,37145.78,970.74
2024-03-17,37335.87,37934.62,36812.56,37510.74,7018.44
2024-03-18,37317.06,37571.4,36859.03,37535.66,675.01
2024-03-19,35718.88,36206.07,35656.3,35880.62,3659.55
2024-03-20,35873.77,36630.8,35838.26,35860.46,3992.54
2024-03-21,35075.75,35079.94,34318.63,34881.74,2965.3
2024-03-22,35561.46,35622.8,35410.68,35444.92,8025.8
2024-03-23,35620.33,36224.1,35552.29,35781.11,2581.45
2024-03-24,34889.11,35146.24,34613.74,35092.27,4587.78
2024-03-25,34682.47,34952.12,34407.65,34745.8,7920.3
2024-03-26,34127.64,34495.08,33803.87,33986.1,4066.07
2024-03-27,33946.7,34172.37,33839.07,33988.3,2233.42
2024-03-28,34646.08,34801.69,34181.38,34751.75,4152.18
2024-03-29,33868.0,34077.95,33721.7,34048.66,1112.33
2024-03-30,34420.33,34490.14,34237.71,34475.9,1576.09
2024-03-31,34174.3,34337.5,34016.81,34124.17,1621.05
2024-04-01,33704.4,34083.97,33230.31,33579.03,5721.92
2024-04-02,33452.73,33972.95,33281.36,33549.39,2740.53
2024-04-03,32822.98,32897.0,32736.28,32834.8,969.31
2024-04-04,32345.96,32644.54,32062.94,32483.44,7944.69
2024-04-05,31686.82,31726.31,31674.58,31675.55,5613.09
2024-04-06,32923.47,33522.29,32700.69,33091.74,4108.07
2024-04-07,33185.2,33349.08,33017.09,33166.66,1750.92
2024-04-08,32684.16,32727.26,32566.98,32705.53,2326.93
2024-04-09,33090.22,33187.92,32895.69,32908.32,2554.75
2024-04-10,32851.32,32963.46,32662.84,32876.18,5198.83
2024-04-11,32954.74,32995.91,32621.72,32765.55,7646.88
2024-04-12,33434.41,33589.02,33250.23,33257.33,8163.32
2024-04-13,33965.96,34120.94,33838.41,33861.41,6032.92
2024-04-14,33415.36,33850.36,33041.98,33516.98,1761.97
2024-04-15,33168.54,33480.15,33140.97,33142.65,594.46
2024-04-16,32797.44,33404.15,32634.2,32991.82,2319.48
2024-04-17,31421.1,31473.17,31195.93,31370.52,6948.81
2024-04-18,30455.26,30718.69,30334.48,30371.85,734.57
2024-04-19,31323.51,31549.49,31123.95,31330.7,2671.53
2024-04-20,32471.61,32599.64,32122.02,32511.47,6217.37
2024-04-21,32544.6,32959.94,32355.97,32382.01,3306.08
2024-04-22,32954.49,33108.91,32734.38,32841.17,3277.38
2024-04-23,33177.35,33595.82,32926.99,33115.11,7497.87
2024-04-24,35238.38,35576.87,34806.04,35407.57,822.25
2024-04-25,36130.12,36341.88,36067.95,36332.41,2735.23
2024-04-26,36480.32,36535.3,35837.09,36284.18,5060.43
2024-04-27,35582.4,36146.87,35346.13,35575.27,3152.92
2024-04-28,34533.2,34796.58,33982.66,34370.65,4226.59
2024-04-29,34574.26,34687.42,34461.13,34575.29,1896.47
2024-04-30,33982.1,34412.0,33882.33,34050.92,1050.4
2024-05-01,32864.68,33152.84,32861.73,33035.53,3718.32
2024-05-02,32735.7,32920.86,32489.17,32614.03,5872.31
2024-05-03,31989.41,32233.71,31642.78,31885.67,7253.12
2024-05-04,33131.15,33243.12,32963.85,33115.62,784.72
2024-05-05,33655.03,34256.73,33468.36,33806.0,942.26
2024-05-06,34041.12,34733.9,33650.87,33848.96,2905.8
2024-05-07,34886.58,35286.3,34545.72,34999.81,7040.81
2024-05-08,35077.01,35340.08,34778.63,35109.6,5888.07
2024-05-09,34625.63,34956.31,34367.49,34494.51,7485.47
2024-05-10,35830.83,36155.11,35282.55,35699.45,5618.29
2024-05-11,35990.27,36671.03,35468.75,36173.25,1825.93
2024-05-12,35517.98,35626.47,35237.79,35398.78,840.21
2024-05-13,35200.77,35329.92,34752.19,35300.18,5990.16
2024-05-14,34777.17,34997.09,34660.17,34669.41,4424.01
